--
-- PostgreSQL database dump
--

-- Dumped from database version 16.3 (Ubuntu 16.3-0ubuntu0.24.04.1)
-- Dumped by pg_dump version 16.3 (Ubuntu 16.3-0ubuntu0.24.04.1)

SET statement_timeout = 0;
SET lock_timeout = 0;
SET idle_in_transaction_session_timeout = 0;
SET client_encoding = 'UTF8';
SET standard_conforming_strings = on;
SELECT pg_catalog.set_config('search_path', '', false);
SET check_function_bodies = false;
SET xmloption = content;
SET client_min_messages = warning;
SET row_security = off;

SET default_tablespace = '';

SET default_table_access_method = heap;

--
-- Name: auth_group; Type: TABLE; Schema: public; Owner: saleh
--

CREATE TABLE public.auth_group (
    id integer NOT NULL,
    name character varying(150) NOT NULL
);


ALTER TABLE public.auth_group OWNER TO saleh;

--
-- Name: auth_group_id_seq; Type: SEQUENCE; Schema: public; Owner: saleh
--

ALTER TABLE public.auth_group ALTER COLUMN id ADD GENERATED BY DEFAULT AS IDENTITY (
    SEQUENCE NAME public.auth_group_id_seq
    START WITH 1
    INCREMENT BY 1
    NO MINVALUE
    NO MAXVALUE
    CACHE 1
);


--
-- Name: auth_group_permissions; Type: TABLE; Schema: public; Owner: saleh
--

CREATE TABLE public.auth_group_permissions (
    id bigint NOT NULL,
    group_id integer NOT NULL,
    permission_id integer NOT NULL
);


ALTER TABLE public.auth_group_permissions OWNER TO saleh;

--
-- Name: auth_group_permissions_id_seq; Type: SEQUENCE; Schema: public; Owner: saleh
--

ALTER TABLE public.auth_group_permissions ALTER COLUMN id ADD GENERATED BY DEFAULT AS IDENTITY (
    SEQUENCE NAME public.auth_group_permissions_id_seq
    START WITH 1
    INCREMENT BY 1
    NO MINVALUE
    NO MAXVALUE
    CACHE 1
);


--
-- Name: auth_permission; Type: TABLE; Schema: public; Owner: saleh
--

CREATE TABLE public.auth_permission (
    id integer NOT NULL,
    name character varying(255) NOT NULL,
    content_type_id integer NOT NULL,
    codename character varying(100) NOT NULL
);


ALTER TABLE public.auth_permission OWNER TO saleh;

--
-- Name: auth_permission_id_seq; Type: SEQUENCE; Schema: public; Owner: saleh
--

ALTER TABLE public.auth_permission ALTER COLUMN id ADD GENERATED BY DEFAULT AS IDENTITY (
    SEQUENCE NAME public.auth_permission_id_seq
    START WITH 1
    INCREMENT BY 1
    NO MINVALUE
    NO MAXVALUE
    CACHE 1
);


--
-- Name: auth_user; Type: TABLE; Schema: public; Owner: saleh
--

CREATE TABLE public.auth_user (
    id integer NOT NULL,
    password character varying(128) NOT NULL,
    last_login timestamp with time zone,
    is_superuser boolean NOT NULL,
    username character varying(150) NOT NULL,
    first_name character varying(150) NOT NULL,
    last_name character varying(150) NOT NULL,
    email character varying(254) NOT NULL,
    is_staff boolean NOT NULL,
    is_active boolean NOT NULL,
    date_joined timestamp with time zone NOT NULL
);


ALTER TABLE public.auth_user OWNER TO saleh;

--
-- Name: auth_user_groups; Type: TABLE; Schema: public; Owner: saleh
--

CREATE TABLE public.auth_user_groups (
    id bigint NOT NULL,
    user_id integer NOT NULL,
    group_id integer NOT NULL
);


ALTER TABLE public.auth_user_groups OWNER TO saleh;

--
-- Name: auth_user_groups_id_seq; Type: SEQUENCE; Schema: public; Owner: saleh
--

ALTER TABLE public.auth_user_groups ALTER COLUMN id ADD GENERATED BY DEFAULT AS IDENTITY (
    SEQUENCE NAME public.auth_user_groups_id_seq
    START WITH 1
    INCREMENT BY 1
    NO MINVALUE
    NO MAXVALUE
    CACHE 1
);


--
-- Name: auth_user_id_seq; Type: SEQUENCE; Schema: public; Owner: saleh
--

ALTER TABLE public.auth_user ALTER COLUMN id ADD GENERATED BY DEFAULT AS IDENTITY (
    SEQUENCE NAME public.auth_user_id_seq
    START WITH 1
    INCREMENT BY 1
    NO MINVALUE
    NO MAXVALUE
    CACHE 1
);


--
-- Name: auth_user_user_permissions; Type: TABLE; Schema: public; Owner: saleh
--

CREATE TABLE public.auth_user_user_permissions (
    id bigint NOT NULL,
    user_id integer NOT NULL,
    permission_id integer NOT NULL
);


ALTER TABLE public.auth_user_user_permissions OWNER TO saleh;

--
-- Name: auth_user_user_permissions_id_seq; Type: SEQUENCE; Schema: public; Owner: saleh
--

ALTER TABLE public.auth_user_user_permissions ALTER COLUMN id ADD GENERATED BY DEFAULT AS IDENTITY (
    SEQUENCE NAME public.auth_user_user_permissions_id_seq
    START WITH 1
    INCREMENT BY 1
    NO MINVALUE
    NO MAXVALUE
    CACHE 1
);


--
-- Name: django_admin_log; Type: TABLE; Schema: public; Owner: saleh
--

CREATE TABLE public.django_admin_log (
    id integer NOT NULL,
    action_time timestamp with time zone NOT NULL,
    object_id text,
    object_repr character varying(200) NOT NULL,
    action_flag smallint NOT NULL,
    change_message text NOT NULL,
    content_type_id integer,
    user_id integer NOT NULL,
    CONSTRAINT django_admin_log_action_flag_check CHECK ((action_flag >= 0))
);


ALTER TABLE public.django_admin_log OWNER TO saleh;

--
-- Name: django_admin_log_id_seq; Type: SEQUENCE; Schema: public; Owner: saleh
--

ALTER TABLE public.django_admin_log ALTER COLUMN id ADD GENERATED BY DEFAULT AS IDENTITY (
    SEQUENCE NAME public.django_admin_log_id_seq
    START WITH 1
    INCREMENT BY 1
    NO MINVALUE
    NO MAXVALUE
    CACHE 1
);


--
-- Name: django_content_type; Type: TABLE; Schema: public; Owner: saleh
--

CREATE TABLE public.django_content_type (
    id integer NOT NULL,
    app_label character varying(100) NOT NULL,
    model character varying(100) NOT NULL
);


ALTER TABLE public.django_content_type OWNER TO saleh;

--
-- Name: django_content_type_id_seq; Type: SEQUENCE; Schema: public; Owner: saleh
--

ALTER TABLE public.django_content_type ALTER COLUMN id ADD GENERATED BY DEFAULT AS IDENTITY (
    SEQUENCE NAME public.django_content_type_id_seq
    START WITH 1
    INCREMENT BY 1
    NO MINVALUE
    NO MAXVALUE
    CACHE 1
);


--
-- Name: django_migrations; Type: TABLE; Schema: public; Owner: saleh
--

CREATE TABLE public.django_migrations (
    id bigint NOT NULL,
    app character varying(255) NOT NULL,
    name character varying(255) NOT NULL,
    applied timestamp with time zone NOT NULL
);


ALTER TABLE public.django_migrations OWNER TO saleh;

--
-- Name: django_migrations_id_seq; Type: SEQUENCE; Schema: public; Owner: saleh
--

ALTER TABLE public.django_migrations ALTER COLUMN id ADD GENERATED BY DEFAULT AS IDENTITY (
    SEQUENCE NAME public.django_migrations_id_seq
    START WITH 1
    INCREMENT BY 1
    NO MINVALUE
    NO MAXVALUE
    CACHE 1
);


--
-- Name: django_session; Type: TABLE; Schema: public; Owner: saleh
--

CREATE TABLE public.django_session (
    session_key character varying(40) NOT NULL,
    session_data text NOT NULL,
    expire_date timestamp with time zone NOT NULL
);


ALTER TABLE public.django_session OWNER TO saleh;

--
-- Name: reactions_metabolitesaddedvmh; Type: TABLE; Schema: public; Owner: saleh
--

CREATE TABLE public.reactions_metabolitesaddedvmh (
    id bigint NOT NULL,
    user_name character varying(255) NOT NULL,
    metabolite_id character varying(255) NOT NULL,
    metabolite_formula text NOT NULL,
    metabolite_abbr character varying(255) NOT NULL,
    created_at timestamp with time zone NOT NULL,
    user_id bigint NOT NULL
);


ALTER TABLE public.reactions_metabolitesaddedvmh OWNER TO saleh;

--
-- Name: reactions_metabolitesaddedvmh_id_seq; Type: SEQUENCE; Schema: public; Owner: saleh
--

ALTER TABLE public.reactions_metabolitesaddedvmh ALTER COLUMN id ADD GENERATED BY DEFAULT AS IDENTITY (
    SEQUENCE NAME public.reactions_metabolitesaddedvmh_id_seq
    START WITH 1
    INCREMENT BY 1
    NO MINVALUE
    NO MAXVALUE
    CACHE 1
);


--
-- Name: reactions_reactionsaddedvmh; Type: TABLE; Schema: public; Owner: saleh
--

CREATE TABLE public.reactions_reactionsaddedvmh (
    id bigint NOT NULL,
    user_name character varying(255) NOT NULL,
    reaction_id character varying(255) NOT NULL,
    reaction_formula text NOT NULL,
    reaction_abbr character varying(255) NOT NULL,
    created_at timestamp with time zone NOT NULL,
    user_id bigint NOT NULL
);


ALTER TABLE public.reactions_reactionsaddedvmh OWNER TO saleh;

--
-- Name: reactions_reactionsaddedvmh_id_seq; Type: SEQUENCE; Schema: public; Owner: saleh
--

ALTER TABLE public.reactions_reactionsaddedvmh ALTER COLUMN id ADD GENERATED BY DEFAULT AS IDENTITY (
    SEQUENCE NAME public.reactions_reactionsaddedvmh_id_seq
    START WITH 1
    INCREMENT BY 1
    NO MINVALUE
    NO MAXVALUE
    CACHE 1
);


--
-- Name: reactions_subsystem; Type: TABLE; Schema: public; Owner: saleh
--

CREATE TABLE public.reactions_subsystem (
    id bigint NOT NULL,
    name character varying(255) NOT NULL
);


ALTER TABLE public.reactions_subsystem OWNER TO saleh;

--
-- Name: reactions_subsystem_id_seq; Type: SEQUENCE; Schema: public; Owner: saleh
--

ALTER TABLE public.reactions_subsystem ALTER COLUMN id ADD GENERATED BY DEFAULT AS IDENTITY (
    SEQUENCE NAME public.reactions_subsystem_id_seq
    START WITH 1
    INCREMENT BY 1
    NO MINVALUE
    NO MAXVALUE
    CACHE 1
);


--
-- Name: reactions_user; Type: TABLE; Schema: public; Owner: saleh
--

CREATE TABLE public.reactions_user (
    id bigint NOT NULL,
    name character varying(100),
    password character varying(128),
    cred_add_to_rhea boolean NOT NULL,
    cred_add_to_vmh boolean NOT NULL,
    email character varying(254),
    orchid_id character varying(255),
    full_name character varying(255)
);


ALTER TABLE public.reactions_user OWNER TO saleh;

--
-- Name: reactions_user_id_seq; Type: SEQUENCE; Schema: public; Owner: saleh
--

ALTER TABLE public.reactions_user ALTER COLUMN id ADD GENERATED BY DEFAULT AS IDENTITY (
    SEQUENCE NAME public.reactions_user_id_seq
    START WITH 1
    INCREMENT BY 1
    NO MINVALUE
    NO MAXVALUE
    CACHE 1
);


--
-- Name: reactions_user_saved_reactions; Type: TABLE; Schema: public; Owner: saleh
--

CREATE TABLE public.reactions_user_saved_reactions (
    id bigint NOT NULL,
    user_id bigint NOT NULL,
    reaction_id bigint NOT NULL
);


ALTER TABLE public.reactions_user_saved_reactions OWNER TO saleh;

--
-- Name: reactions_user_saved_reactions_id_seq; Type: SEQUENCE; Schema: public; Owner: saleh
--

ALTER TABLE public.reactions_user_saved_reactions ALTER COLUMN id ADD GENERATED BY DEFAULT AS IDENTITY (
    SEQUENCE NAME public.reactions_user_saved_reactions_id_seq
    START WITH 1
    INCREMENT BY 1
    NO MINVALUE
    NO MAXVALUE
    CACHE 1
);


--
-- Data for Name: auth_group; Type: TABLE DATA; Schema: public; Owner: saleh
--

COPY public.auth_group (id, name) FROM stdin;
\.


--
-- Data for Name: auth_group_permissions; Type: TABLE DATA; Schema: public; Owner: saleh
--

COPY public.auth_group_permissions (id, group_id, permission_id) FROM stdin;
\.


--
-- Data for Name: auth_permission; Type: TABLE DATA; Schema: public; Owner: saleh
--

COPY public.auth_permission (id, name, content_type_id, codename) FROM stdin;
1	Can add log entry	1	add_logentry
2	Can change log entry	1	change_logentry
3	Can delete log entry	1	delete_logentry
4	Can view log entry	1	view_logentry
5	Can add permission	2	add_permission
6	Can change permission	2	change_permission
7	Can delete permission	2	delete_permission
8	Can view permission	2	view_permission
9	Can add group	3	add_group
10	Can change group	3	change_group
11	Can delete group	3	delete_group
12	Can view group	3	view_group
13	Can add user	4	add_user
14	Can change user	4	change_user
15	Can delete user	4	delete_user
16	Can view user	4	view_user
17	Can add content type	5	add_contenttype
18	Can change content type	5	change_contenttype
19	Can delete content type	5	delete_contenttype
20	Can view content type	5	view_contenttype
21	Can add session	6	add_session
22	Can change session	6	change_session
23	Can delete session	6	delete_session
24	Can view session	6	view_session
25	Can add reaction	7	add_reaction
26	Can change reaction	7	change_reaction
27	Can delete reaction	7	delete_reaction
28	Can view reaction	7	view_reaction
29	Can add user	8	add_user
30	Can change user	8	change_user
31	Can delete user	8	delete_user
32	Can view user	8	view_user
33	Can add metabolites added vmh	9	add_metabolitesaddedvmh
34	Can change metabolites added vmh	9	change_metabolitesaddedvmh
35	Can delete metabolites added vmh	9	delete_metabolitesaddedvmh
36	Can view metabolites added vmh	9	view_metabolitesaddedvmh
37	Can add reactions added vmh	10	add_reactionsaddedvmh
38	Can change reactions added vmh	10	change_reactionsaddedvmh
39	Can delete reactions added vmh	10	delete_reactionsaddedvmh
40	Can view reactions added vmh	10	view_reactionsaddedvmh
41	Can add subsystem	11	add_subsystem
42	Can change subsystem	11	change_subsystem
43	Can delete subsystem	11	delete_subsystem
44	Can view subsystem	11	view_subsystem
\.


--
-- Data for Name: auth_user; Type: TABLE DATA; Schema: public; Owner: saleh
--

COPY public.auth_user (id, password, last_login, is_superuser, username, first_name, last_name, email, is_staff, is_active, date_joined) FROM stdin;
1	pbkdf2_sha256$720000$YNAUeIVaXUnSwSplCsNjnL$A7AQ41lXVVOeKD29Y2bXmXFMl7aZcu3iQUaCIzb8Z6k=	2024-06-20 15:13:20.649695+01	t	admin				t	t	2024-06-04 15:43:18.519896+01
\.


--
-- Data for Name: auth_user_groups; Type: TABLE DATA; Schema: public; Owner: saleh
--

COPY public.auth_user_groups (id, user_id, group_id) FROM stdin;
\.


--
-- Data for Name: auth_user_user_permissions; Type: TABLE DATA; Schema: public; Owner: saleh
--

COPY public.auth_user_user_permissions (id, user_id, permission_id) FROM stdin;
\.


--
-- Data for Name: django_admin_log; Type: TABLE DATA; Schema: public; Owner: saleh
--

COPY public.django_admin_log (id, action_time, object_id, object_repr, action_flag, change_message, content_type_id, user_id) FROM stdin;
1	2024-06-04 15:43:57.120686+01	1	User object (1)	1	[{"added": {}}]	8	1
2	2024-06-20 15:14:05.859316+01	12	Reaction object (12)	3		7	1
3	2024-06-20 15:14:11.370926+01	11	Reaction object (11)	3		7	1
4	2024-06-20 15:14:24.701075+01	7	Reaction object (7)	3		7	1
5	2024-06-20 15:14:29.730751+01	6	Reaction object (6)	3		7	1
6	2024-06-20 15:14:37.203201+01	5	Reaction object (5)	3		7	1
7	2024-06-20 15:14:41.783096+01	4	Reaction object (4)	3		7	1
8	2024-06-20 15:14:46.811569+01	3	Reaction object (3)	3		7	1
9	2024-06-20 15:14:51.454109+01	2	Reaction object (2)	3		7	1
10	2024-06-20 15:14:56.074183+01	1	Reaction object (1)	3		7	1
11	2024-06-20 16:29:52.21762+01	10	Reaction object (10)	3		7	1
12	2024-06-20 16:29:52.218958+01	9	Reaction object (9)	3		7	1
13	2024-06-20 16:29:52.219876+01	8	Reaction object (8)	3		7	1
14	2024-06-24 09:52:02.617724+01	19	Reaction object (19)	3		7	1
15	2024-06-24 09:52:02.621107+01	18	Reaction object (18)	3		7	1
16	2024-06-24 09:52:02.622802+01	17	Reaction object (17)	3		7	1
17	2024-06-24 09:52:02.62454+01	16	Reaction object (16)	3		7	1
18	2024-06-24 09:52:02.626002+01	15	Reaction object (15)	3		7	1
19	2024-06-24 10:03:48.983371+01	14	rrr by vardaan	3		10	1
20	2024-06-24 10:03:48.986194+01	13	 by vardaan	3		10	1
21	2024-06-24 10:03:48.988068+01	12	 by vardaan	3		10	1
22	2024-06-24 10:03:48.990085+01	11	 by vardaan	3		10	1
23	2024-06-24 10:03:48.992162+01	10	 by vardaan	3		10	1
24	2024-06-24 10:03:48.993795+01	9	 by vardaan	3		10	1
25	2024-06-24 10:03:48.995117+01	8	 by vardaan	3		10	1
26	2024-06-24 10:03:48.996607+01	7	 by vardaan	3		10	1
27	2024-06-24 10:03:48.997736+01	6	 by vardaan	3		10	1
28	2024-06-24 10:03:48.9991+01	5	 by vardaan	3		10	1
29	2024-06-24 10:03:49.000245+01	4	 by vardaan	3		10	1
30	2024-06-24 10:03:49.001371+01	3	 by vardaan	3		10	1
31	2024-06-24 10:03:49.002634+01	2	 by vardaan	3		10	1
32	2024-06-24 10:03:49.004294+01	1	hihi by vardaan	3		10	1
33	2024-06-24 14:07:12.328981+01	23	Reaction object (23)	3		7	1
34	2024-06-24 14:07:12.331587+01	22	Reaction object (22)	3		7	1
35	2024-06-24 14:07:12.333006+01	21	Reaction object (21)	3		7	1
36	2024-06-24 14:17:30.711136+01	25	Reaction object (25)	3		7	1
37	2024-06-24 14:17:30.712578+01	24	Reaction object (24)	3		7	1
38	2024-06-24 14:25:23.690575+01	27	Reaction object (27)	3		7	1
39	2024-06-24 14:25:23.692209+01	26	Reaction object (26)	3		7	1
40	2024-06-24 14:37:07.678497+01	29	Reaction object (29)	3		7	1
41	2024-06-24 17:16:18.277903+01	29	Reaction object (29)	3		7	1
42	2024-06-24 17:16:18.27972+01	28	Reaction object (28)	3		7	1
43	2024-06-24 17:16:18.280724+01	20	Reaction object (20)	3		7	1
44	2024-06-24 17:16:18.281775+01	14	Reaction object (14)	3		7	1
45	2024-06-24 17:16:18.283078+01	13	Reaction object (13)	3		7	1
46	2024-06-27 12:05:30.057301+01	30	Reaction object (30)	2	[{"changed": {"fields": ["Confidence score"]}}]	7	1
47	2024-06-30 15:51:24.261291+01	4	User object (4)	3		8	1
48	2024-06-30 15:51:24.26376+01	3	User object (3)	3		8	1
49	2024-06-30 15:51:24.264834+01	2	User object (2)	3		8	1
50	2024-06-30 20:31:22.530751+01	6	User object (6)	3		8	1
51	2024-07-01 13:02:59.172134+01	71	Reaction object (71)	3		7	1
52	2024-07-01 13:02:59.174496+01	70	Reaction object (70)	3		7	1
53	2024-07-01 13:02:59.175519+01	69	Reaction object (69)	3		7	1
54	2024-07-01 13:02:59.176457+01	68	Reaction object (68)	3		7	1
55	2024-07-01 13:02:59.177389+01	67	Reaction object (67)	3		7	1
56	2024-07-01 13:02:59.178326+01	66	Reaction object (66)	3		7	1
57	2024-07-01 13:02:59.179287+01	65	Reaction object (65)	3		7	1
58	2024-07-01 13:02:59.180313+01	64	Reaction object (64)	3		7	1
59	2024-07-01 13:02:59.181281+01	63	Reaction object (63)	3		7	1
60	2024-07-01 13:02:59.18224+01	62	Reaction object (62)	3		7	1
61	2024-07-01 13:02:59.183122+01	61	Reaction object (61)	3		7	1
62	2024-07-01 13:02:59.183985+01	60	Reaction object (60)	3		7	1
63	2024-07-01 13:02:59.18483+01	59	Reaction object (59)	3		7	1
64	2024-07-01 13:02:59.18576+01	58	Reaction object (58)	3		7	1
65	2024-07-01 13:02:59.186474+01	57	Reaction object (57)	3		7	1
66	2024-07-01 13:02:59.187361+01	56	Reaction object (56)	3		7	1
67	2024-07-01 13:02:59.188313+01	55	Reaction object (55)	3		7	1
68	2024-07-01 13:02:59.189113+01	54	Reaction object (54)	3		7	1
69	2024-07-01 13:02:59.189951+01	53	Reaction object (53)	3		7	1
70	2024-07-01 13:02:59.190763+01	52	Reaction object (52)	3		7	1
71	2024-07-01 13:02:59.191448+01	51	Reaction object (51)	3		7	1
72	2024-07-01 13:02:59.192244+01	50	Reaction object (50)	3		7	1
73	2024-07-01 13:02:59.193278+01	49	Reaction object (49)	3		7	1
74	2024-07-01 13:02:59.194341+01	48	Reaction object (48)	3		7	1
75	2024-07-01 13:02:59.195368+01	47	Reaction object (47)	3		7	1
76	2024-07-01 13:02:59.196502+01	46	Reaction object (46)	3		7	1
77	2024-07-01 13:02:59.197594+01	45	Reaction object (45)	3		7	1
\.


--
-- Data for Name: django_content_type; Type: TABLE DATA; Schema: public; Owner: saleh
--

COPY public.django_content_type (id, app_label, model) FROM stdin;
1	admin	logentry
2	auth	permission
3	auth	group
4	auth	user
5	contenttypes	contenttype
6	sessions	session
7	reactions	reaction
8	reactions	user
9	reactions	metabolitesaddedvmh
10	reactions	reactionsaddedvmh
11	reactions	subsystem
\.


--
-- Data for Name: django_migrations; Type: TABLE DATA; Schema: public; Owner: saleh
--

COPY public.django_migrations (id, app, name, applied) FROM stdin;
51	contenttypes	0001_initial	2024-07-08 09:42:17.808294+01
\.


--
-- Data for Name: django_session; Type: TABLE DATA; Schema: public; Owner: saleh
--

COPY public.django_session (session_key, session_data, expire_date) FROM stdin;
a4v2abfvuf1fjj2254klqclkdff3w2ih	.eJxVjL0OwiAURt-F2RAoP0JH4-LgM5B7uShVA0lpJ-O7W5IOun7nfOfNAqxLDmtLc5iIjUyyw--GEJ-pdEAPKPfKYy3LPCHvCt9p49dK6XXa3b9Ahpa3tzLopELw1iAIAOMoDUcyNmISWoPXhiySj4OLw81YoXQEsgDaC6G826I9dzmzUX6-Z-k7HQ:1sKEBN:VlUtaeXJ-IFNwW-U_A3K1810Q5jGsQ89e6ZcVAuO4UE	2024-07-04 10:34:17.596912+01
ix2cdq8mrl6500tdepjqw6341vizmibq	eyJ1c2VySUQiOjF9:1sNFrt:rIC0e0xr_pm0SBHOLglmPRbJKB9DG9TrzN5LOsCZIEo	2024-07-12 18:58:41.394647+01
ixypbznv3drsc3cq1inrfh1awfofl0kw	eyJ1c2VySUQiOjF9:1sQUgF:6pY7THgJkc1b4fB3T_4A0EkO4gHHtmd7ooOPG--T9Qw	2024-07-21 17:24:03.768706+01
6yqjw6mzjxzhuqtgfxigztym47df2fw9	.eJxVjEEOgjAQRe8ya9MU2qktS8PGhWdoZjpVUEMTCivj3ZWEDdv33v8fWGuerz10zQkircsQNxBHgQ4aODCm9MrTJuRJ06OoVKZlHlltidptVbci-X3Z28PBQHX4rw2ybwxTcMikidBLbs-CLnHW1lKwKI4lpNan9o5OG5tIHJENWpvg4fsDIQw7HQ:1sQawN:m2w9ytLMUF6h5b29CTeZbv4JucF70pySY6ejKN6LVGE	2024-07-22 00:05:07.521869+01
\.


--
-- Data for Name: reactions_metabolitesaddedvmh; Type: TABLE DATA; Schema: public; Owner: saleh
--

COPY public.reactions_metabolitesaddedvmh (id, user_name, metabolite_id, metabolite_formula, metabolite_abbr, created_at, user_id) FROM stdin;
\.


--
-- Data for Name: reactions_reactionsaddedvmh; Type: TABLE DATA; Schema: public; Owner: saleh
--

COPY public.reactions_reactionsaddedvmh (id, user_name, reaction_id, reaction_formula, reaction_abbr, created_at, user_id) FROM stdin;
15	vardaan	25487.0	1.0 o2[c] -> 1.0 o2[c]		2024-06-24 09:49:42.998067+01	1
16	vardaan	25488.0	1.0 o2[c] -> 1.0 o2[c]		2024-06-24 11:01:08.362008+01	1
17	vardaan	25489.0	1.0 o2[c] -> 1.0 o2[c]		2024-06-24 11:03:54.314586+01	1
18	vardaan	25490.0	1.0 o2[c] -> 1.0 o2[c]	23323	2024-06-24 11:07:55.468361+01	1
19	vardaan	25491.0	1.0 o2[c] -> 1.0 o2[c]	e	2024-06-24 15:16:48.362477+01	1
20	vardaan	25492.0	1.0 o2[c] -> 1.0 o2[c]	2333	2024-06-24 15:29:06.757976+01	1
21	vardaan	25493.0	1.0 o2[c] -> 1.0 o2[c]	12121	2024-06-24 22:17:17.145237+01	1
22	vardaan	25494.0	1.0 o2[c] -> 1.0 o2[c]	1212	2024-06-24 22:27:25.342942+01	1
23	vardaan	25495.0	1.0 o2[c] -> 1.0 o2[c]	21	2024-06-24 22:43:07.571408+01	1
24	vardaan	25496.0	1.0 o2[c] -> 1.0 o2[c]	qe	2024-06-25 00:45:23.654727+01	1
25	vardaan	25497.0	1.0 o2[c] -> 1.0 o2[c]	test	2024-06-25 09:41:02.310795+01	1
26	vardaan	25498.0	1.0 o2[c] -> 1.0 o2[c]	pop	2024-06-25 10:31:57.627256+01	1
27	vardaan	25499.0	1.0 o2[c] -> 1.0 o2[c]	212	2024-06-27 11:09:09.597981+01	1
28	vardaan	25500.0	1.0 o2[c] -> 1.0 o2[c]	1	2024-06-27 11:12:56.993332+01	1
29	vardaan	25501.0	1.0 co2[c] -> 1.0 co2[c]	2	2024-06-27 11:12:56.995086+01	1
30	vardaan	25502.0	1.0 o2[c] -> 1.0 o2[c]	3	2024-06-27 11:12:56.996719+01	1
31	vardaan	25503.0	1.0 o2[c] -> 1.0 o2[c]	2	2024-06-27 11:16:34.718655+01	1
32	vardaan	25504.0	1.0 co2[c] -> 1.0 co2[c]	3	2024-06-27 11:16:34.720051+01	1
33	vardaan	25505.0	1.0 o2[c] -> 1.0 o2[c]	4	2024-06-27 11:16:34.720985+01	1
34	vardaan	25506.0	1.0 o2[c] -> 1.0 o2[c]	1	2024-06-27 11:20:23.577757+01	1
35	vardaan	25507.0	1.0 co2[c] -> 1.0 co2[c]	2	2024-06-27 11:20:23.579183+01	1
36	vardaan	25508.0	1.0 o2[c] -> 1.0 o2[c]	3	2024-06-27 11:20:23.580227+01	1
37	vardaan	25509.0	1.0 o2[c] -> 1.0 o2[c]	1	2024-06-27 11:41:38.854877+01	1
38	vardaan	25510.0	1.0 o2[c] -> 1.0 o2[c]	3	2024-06-27 11:41:38.856719+01	1
39	vardaan	25511.0	1.0 o2[c] -> 1.0 o2[c]	3	2024-06-27 11:57:22.772304+01	1
40	vardaan	25512.0	1.0 o2[c] -> 1.0 o2[c]	2	2024-06-27 11:57:22.773713+01	1
41	vardaan	25513.0	1.0 o2[c] -> 1.0 o2[c]	2	2024-06-27 12:08:19.393189+01	1
42	vardaan	25514.0	1.0 o2[c] -> 1.0 o2[c]	3	2024-06-27 12:08:19.394983+01	1
43	vardaan	25515.0	1.0 o2[c] -> 1.0 o2[c]	2	2024-06-27 12:11:14.102598+01	1
44	vardaan	25516.0	1.0 o2[c] -> 1.0 o2[c]	3	2024-06-27 12:11:14.104218+01	1
45	vardaan	25517.0	1.0 co2[c] -> 1.0 co2[c]	4	2024-06-27 12:11:14.105233+01	1
46	vardaan	25518.0	1.0 o2[c] -> 1.0 o2[c]	1212	2024-06-27 15:34:29.621086+01	1
47	vardaan	25518.0	1.0 o2[c] -> 1.0 o2[c]	null	2024-06-27 15:34:56.610075+01	1
48	vardaan	25518.0	1.0 co2[c] -> 1.0 co2[c]	z	2024-06-27 15:37:26.578044+01	1
49	vardaan	25519.0	1.0 co2[c] -> 1.0 co2[c]	8989	2024-06-27 15:38:37.443448+01	1
50	vardaan	25520.0	1.0 co2[c] -> 1.0 co2[c]	111	2024-06-27 15:39:15.970886+01	1
51	vardaan	25520.0	1.0 co2[c] -> 1.0 co2[c]	11	2024-06-27 15:42:30.010373+01	1
52	vardaan	25520.0	1.0 co2[c] -> 1.0 co2[c]	q	2024-06-27 15:44:30.423775+01	1
53	vardaan	25520.0	1.0 co2[c] -> 1.0 co2[c]		2024-06-27 15:48:16.740231+01	1
54	vardaan	25520.0	1.0 co2[c] -> 1.0 co2[c]	1	2024-06-27 15:49:47.408529+01	1
55	vardaan	25520.0	1.0 co2[c] -> 1.0 co2[c]	l	2024-06-27 15:50:51.445856+01	1
56	vardaan	25520.0	1.0 co2[c] -> 1.0 co2[c]	mm	2024-06-27 15:53:52.308347+01	1
57	vardaan	25520.0	1.0 co2[c] -> 1.0 co2[c]	1	2024-06-27 15:55:33.70183+01	1
58	vardaan	25520.0	1.0 co2[c] -> 1.0 co2[c]	test null	2024-06-27 15:56:24.147317+01	1
59	vardaan	25520.0	1.0 co2[c] -> 1.0 co2[c]	2	2024-06-27 15:57:21.583186+01	1
60	vardaan	25521.0	1.0 co2[c] -> 1.0 co2[c]	nullll	2024-06-27 15:58:22.440279+01	1
61	vardaan	25521.0	1.0 o2[c] -> 1.0 o2[c]	111	2024-06-27 16:07:22.934109+01	1
62	vardaan	25521.0	1.0 o2[c] -> 1.0 o2[c]	111	2024-06-27 16:10:13.283372+01	1
63	vardaan	25521.0	1.0 o2[c] -> 1.0 o2[c]	11	2024-06-27 16:12:08.133802+01	1
64	vardaan	25521.0	1.0 o2[c] -> 1.0 o2[c]	1	2024-06-27 16:15:22.513376+01	1
65	vardaan	25522.0	1.0 o2[c] -> 1.0 o2[c]	33	2024-06-27 16:16:03.78901+01	1
\.


--
-- Data for Name: reactions_subsystem; Type: TABLE DATA; Schema: public; Owner: saleh
--

COPY public.reactions_subsystem (id, name) FROM stdin;
1	
\.


--
-- Data for Name: reactions_user; Type: TABLE DATA; Schema: public; Owner: saleh
--

COPY public.reactions_user (id, name, password, cred_add_to_rhea, cred_add_to_vmh, email, orchid_id, full_name) FROM stdin;
1	vardaan	123	f	t	\N	\N	\N
5	vks	123	f	f	vardaansathe@gmail.com	1212	\N
7	sidd	123	f	f	test@gmail.com	1212	\N
8	vinit	123	f	f	vinitvaidya@gmail	1212	\N
9	sidd1	123	f	f	varduvarunsid@gmail.com	12121	\N
\.


--
-- Data for Name: reactions_user_saved_reactions; Type: TABLE DATA; Schema: public; Owner: saleh
--

COPY public.reactions_user_saved_reactions (id, user_id, reaction_id) FROM stdin;
16	1	30
17	1	31
18	1	33
19	1	34
20	1	35
21	1	37
22	1	39
24	1	42
25	5	43
26	7	44
27	7	73
30	7	75
32	7	76
37	7	77
38	1	79
39	1	80
40	1	81
41	1	85
42	1	87
\.


--
-- Name: auth_group_id_seq; Type: SEQUENCE SET; Schema: public; Owner: saleh
--

SELECT pg_catalog.setval('public.auth_group_id_seq', 1, false);


--
-- Name: auth_group_permissions_id_seq; Type: SEQUENCE SET; Schema: public; Owner: saleh
--

SELECT pg_catalog.setval('public.auth_group_permissions_id_seq', 1, false);


--
-- Name: auth_permission_id_seq; Type: SEQUENCE SET; Schema: public; Owner: saleh
--

SELECT pg_catalog.setval('public.auth_permission_id_seq', 44, true);


--
-- Name: auth_user_groups_id_seq; Type: SEQUENCE SET; Schema: public; Owner: saleh
--

SELECT pg_catalog.setval('public.auth_user_groups_id_seq', 1, false);


--
-- Name: auth_user_id_seq; Type: SEQUENCE SET; Schema: public; Owner: saleh
--

SELECT pg_catalog.setval('public.auth_user_id_seq', 1, true);


--
-- Name: auth_user_user_permissions_id_seq; Type: SEQUENCE SET; Schema: public; Owner: saleh
--

SELECT pg_catalog.setval('public.auth_user_user_permissions_id_seq', 1, false);


--
-- Name: django_admin_log_id_seq; Type: SEQUENCE SET; Schema: public; Owner: saleh
--

SELECT pg_catalog.setval('public.django_admin_log_id_seq', 77, true);


--
-- Name: django_content_type_id_seq; Type: SEQUENCE SET; Schema: public; Owner: saleh
--

SELECT pg_catalog.setval('public.django_content_type_id_seq', 11, true);


--
-- Name: django_migrations_id_seq; Type: SEQUENCE SET; Schema: public; Owner: saleh
--

SELECT pg_catalog.setval('public.django_migrations_id_seq', 51, true);


--
-- Name: reactions_metabolitesaddedvmh_id_seq; Type: SEQUENCE SET; Schema: public; Owner: saleh
--

SELECT pg_catalog.setval('public.reactions_metabolitesaddedvmh_id_seq', 1, false);


--
-- Name: reactions_reactionsaddedvmh_id_seq; Type: SEQUENCE SET; Schema: public; Owner: saleh
--

SELECT pg_catalog.setval('public.reactions_reactionsaddedvmh_id_seq', 65, true);


--
-- Name: reactions_subsystem_id_seq; Type: SEQUENCE SET; Schema: public; Owner: saleh
--

SELECT pg_catalog.setval('public.reactions_subsystem_id_seq', 1, true);


--
-- Name: reactions_user_id_seq; Type: SEQUENCE SET; Schema: public; Owner: saleh
--

SELECT pg_catalog.setval('public.reactions_user_id_seq', 9, true);


--
-- Name: reactions_user_saved_reactions_id_seq; Type: SEQUENCE SET; Schema: public; Owner: saleh
--

SELECT pg_catalog.setval('public.reactions_user_saved_reactions_id_seq', 42, true);


--
-- Name: auth_group auth_group_name_key; Type: CONSTRAINT; Schema: public; Owner: saleh
--

ALTER TABLE ONLY public.auth_group
    ADD CONSTRAINT auth_group_name_key UNIQUE (name);


--
-- Name: auth_group_permissions auth_group_permissions_group_id_permission_id_0cd325b0_uniq; Type: CONSTRAINT; Schema: public; Owner: saleh
--

ALTER TABLE ONLY public.auth_group_permissions
    ADD CONSTRAINT auth_group_permissions_group_id_permission_id_0cd325b0_uniq UNIQUE (group_id, permission_id);


--
-- Name: auth_group_permissions auth_group_permissions_pkey; Type: CONSTRAINT; Schema: public; Owner: saleh
--

ALTER TABLE ONLY public.auth_group_permissions
    ADD CONSTRAINT auth_group_permissions_pkey PRIMARY KEY (id);


--
-- Name: auth_group auth_group_pkey; Type: CONSTRAINT; Schema: public; Owner: saleh
--

ALTER TABLE ONLY public.auth_group
    ADD CONSTRAINT auth_group_pkey PRIMARY KEY (id);


--
-- Name: auth_permission auth_permission_content_type_id_codename_01ab375a_uniq; Type: CONSTRAINT; Schema: public; Owner: saleh
--

ALTER TABLE ONLY public.auth_permission
    ADD CONSTRAINT auth_permission_content_type_id_codename_01ab375a_uniq UNIQUE (content_type_id, codename);


--
-- Name: auth_permission auth_permission_pkey; Type: CONSTRAINT; Schema: public; Owner: saleh
--

ALTER TABLE ONLY public.auth_permission
    ADD CONSTRAINT auth_permission_pkey PRIMARY KEY (id);


--
-- Name: auth_user_groups auth_user_groups_pkey; Type: CONSTRAINT; Schema: public; Owner: saleh
--

ALTER TABLE ONLY public.auth_user_groups
    ADD CONSTRAINT auth_user_groups_pkey PRIMARY KEY (id);


--
-- Name: auth_user_groups auth_user_groups_user_id_group_id_94350c0c_uniq; Type: CONSTRAINT; Schema: public; Owner: saleh
--

ALTER TABLE ONLY public.auth_user_groups
    ADD CONSTRAINT auth_user_groups_user_id_group_id_94350c0c_uniq UNIQUE (user_id, group_id);


--
-- Name: auth_user auth_user_pkey; Type: CONSTRAINT; Schema: public; Owner: saleh
--

ALTER TABLE ONLY public.auth_user
    ADD CONSTRAINT auth_user_pkey PRIMARY KEY (id);


--
-- Name: auth_user_user_permissions auth_user_user_permissions_pkey; Type: CONSTRAINT; Schema: public; Owner: saleh
--

ALTER TABLE ONLY public.auth_user_user_permissions
    ADD CONSTRAINT auth_user_user_permissions_pkey PRIMARY KEY (id);


--
-- Name: auth_user_user_permissions auth_user_user_permissions_user_id_permission_id_14a6b632_uniq; Type: CONSTRAINT; Schema: public; Owner: saleh
--

ALTER TABLE ONLY public.auth_user_user_permissions
    ADD CONSTRAINT auth_user_user_permissions_user_id_permission_id_14a6b632_uniq UNIQUE (user_id, permission_id);


--
-- Name: auth_user auth_user_username_key; Type: CONSTRAINT; Schema: public; Owner: saleh
--

ALTER TABLE ONLY public.auth_user
    ADD CONSTRAINT auth_user_username_key UNIQUE (username);


--
-- Name: django_admin_log django_admin_log_pkey; Type: CONSTRAINT; Schema: public; Owner: saleh
--

ALTER TABLE ONLY public.django_admin_log
    ADD CONSTRAINT django_admin_log_pkey PRIMARY KEY (id);


--
-- Name: django_content_type django_content_type_app_label_model_76bd3d3b_uniq; Type: CONSTRAINT; Schema: public; Owner: saleh
--

ALTER TABLE ONLY public.django_content_type
    ADD CONSTRAINT django_content_type_app_label_model_76bd3d3b_uniq UNIQUE (app_label, model);


--
-- Name: django_content_type django_content_type_pkey; Type: CONSTRAINT; Schema: public; Owner: saleh
--

ALTER TABLE ONLY public.django_content_type
    ADD CONSTRAINT django_content_type_pkey PRIMARY KEY (id);


--
-- Name: django_migrations django_migrations_pkey; Type: CONSTRAINT; Schema: public; Owner: saleh
--

ALTER TABLE ONLY public.django_migrations
    ADD CONSTRAINT django_migrations_pkey PRIMARY KEY (id);


--
-- Name: django_session django_session_pkey; Type: CONSTRAINT; Schema: public; Owner: saleh
--

ALTER TABLE ONLY public.django_session
    ADD CONSTRAINT django_session_pkey PRIMARY KEY (session_key);


--
-- Name: reactions_metabolitesaddedvmh reactions_metabolitesaddedvmh_pkey; Type: CONSTRAINT; Schema: public; Owner: saleh
--

ALTER TABLE ONLY public.reactions_metabolitesaddedvmh
    ADD CONSTRAINT reactions_metabolitesaddedvmh_pkey PRIMARY KEY (id);


--
-- Name: reactions_reactionsaddedvmh reactions_reactionsaddedvmh_pkey; Type: CONSTRAINT; Schema: public; Owner: saleh
--

ALTER TABLE ONLY public.reactions_reactionsaddedvmh
    ADD CONSTRAINT reactions_reactionsaddedvmh_pkey PRIMARY KEY (id);


--
-- Name: reactions_subsystem reactions_subsystem_name_key; Type: CONSTRAINT; Schema: public; Owner: saleh
--

ALTER TABLE ONLY public.reactions_subsystem
    ADD CONSTRAINT reactions_subsystem_name_key UNIQUE (name);


--
-- Name: reactions_subsystem reactions_subsystem_pkey; Type: CONSTRAINT; Schema: public; Owner: saleh
--

ALTER TABLE ONLY public.reactions_subsystem
    ADD CONSTRAINT reactions_subsystem_pkey PRIMARY KEY (id);


--
-- Name: reactions_user reactions_user_pkey; Type: CONSTRAINT; Schema: public; Owner: saleh
--

ALTER TABLE ONLY public.reactions_user
    ADD CONSTRAINT reactions_user_pkey PRIMARY KEY (id);


--
-- Name: reactions_user_saved_reactions reactions_user_saved_rea_user_id_reaction_id_350d622b_uniq; Type: CONSTRAINT; Schema: public; Owner: saleh
--

ALTER TABLE ONLY public.reactions_user_saved_reactions
    ADD CONSTRAINT reactions_user_saved_rea_user_id_reaction_id_350d622b_uniq UNIQUE (user_id, reaction_id);


--
-- Name: reactions_user_saved_reactions reactions_user_saved_reactions_pkey; Type: CONSTRAINT; Schema: public; Owner: saleh
--

ALTER TABLE ONLY public.reactions_user_saved_reactions
    ADD CONSTRAINT reactions_user_saved_reactions_pkey PRIMARY KEY (id);


--
-- Name: auth_group_name_a6ea08ec_like; Type: INDEX; Schema: public; Owner: saleh
--

CREATE INDEX auth_group_name_a6ea08ec_like ON public.auth_group USING btree (name varchar_pattern_ops);


--
-- Name: auth_group_permissions_group_id_b120cbf9; Type: INDEX; Schema: public; Owner: saleh
--

CREATE INDEX auth_group_permissions_group_id_b120cbf9 ON public.auth_group_permissions USING btree (group_id);


--
-- Name: auth_group_permissions_permission_id_84c5c92e; Type: INDEX; Schema: public; Owner: saleh
--

CREATE INDEX auth_group_permissions_permission_id_84c5c92e ON public.auth_group_permissions USING btree (permission_id);


--
-- Name: auth_permission_content_type_id_2f476e4b; Type: INDEX; Schema: public; Owner: saleh
--

CREATE INDEX auth_permission_content_type_id_2f476e4b ON public.auth_permission USING btree (content_type_id);


--
-- Name: auth_user_groups_group_id_97559544; Type: INDEX; Schema: public; Owner: saleh
--

CREATE INDEX auth_user_groups_group_id_97559544 ON public.auth_user_groups USING btree (group_id);


--
-- Name: auth_user_groups_user_id_6a12ed8b; Type: INDEX; Schema: public; Owner: saleh
--

CREATE INDEX auth_user_groups_user_id_6a12ed8b ON public.auth_user_groups USING btree (user_id);


--
-- Name: auth_user_user_permissions_permission_id_1fbb5f2c; Type: INDEX; Schema: public; Owner: saleh
--

CREATE INDEX auth_user_user_permissions_permission_id_1fbb5f2c ON public.auth_user_user_permissions USING btree (permission_id);


--
-- Name: auth_user_user_permissions_user_id_a95ead1b; Type: INDEX; Schema: public; Owner: saleh
--

CREATE INDEX auth_user_user_permissions_user_id_a95ead1b ON public.auth_user_user_permissions USING btree (user_id);


--
-- Name: auth_user_username_6821ab7c_like; Type: INDEX; Schema: public; Owner: saleh
--

CREATE INDEX auth_user_username_6821ab7c_like ON public.auth_user USING btree (username varchar_pattern_ops);


--
-- Name: django_admin_log_content_type_id_c4bce8eb; Type: INDEX; Schema: public; Owner: saleh
--

CREATE INDEX django_admin_log_content_type_id_c4bce8eb ON public.django_admin_log USING btree (content_type_id);


--
-- Name: django_admin_log_user_id_c564eba6; Type: INDEX; Schema: public; Owner: saleh
--

CREATE INDEX django_admin_log_user_id_c564eba6 ON public.django_admin_log USING btree (user_id);


--
-- Name: django_session_expire_date_a5c62663; Type: INDEX; Schema: public; Owner: saleh
--

CREATE INDEX django_session_expire_date_a5c62663 ON public.django_session USING btree (expire_date);


--
-- Name: django_session_session_key_c0390e0f_like; Type: INDEX; Schema: public; Owner: saleh
--

CREATE INDEX django_session_session_key_c0390e0f_like ON public.django_session USING btree (session_key varchar_pattern_ops);


--
-- Name: reactions_metabolitesaddedvmh_user_id_241f5cdd; Type: INDEX; Schema: public; Owner: saleh
--

CREATE INDEX reactions_metabolitesaddedvmh_user_id_241f5cdd ON public.reactions_metabolitesaddedvmh USING btree (user_id);


--
-- Name: reactions_reactionsaddedvmh_user_id_d7960e61; Type: INDEX; Schema: public; Owner: saleh
--

CREATE INDEX reactions_reactionsaddedvmh_user_id_d7960e61 ON public.reactions_reactionsaddedvmh USING btree (user_id);


--
-- Name: reactions_subsystem_name_670fa6c5_like; Type: INDEX; Schema: public; Owner: saleh
--

CREATE INDEX reactions_subsystem_name_670fa6c5_like ON public.reactions_subsystem USING btree (name varchar_pattern_ops);


--
-- Name: reactions_user_saved_reactions_reaction_id_fe5fd55d; Type: INDEX; Schema: public; Owner: saleh
--

CREATE INDEX reactions_user_saved_reactions_reaction_id_fe5fd55d ON public.reactions_user_saved_reactions USING btree (reaction_id);


--
-- Name: reactions_user_saved_reactions_user_id_6a6e0433; Type: INDEX; Schema: public; Owner: saleh
--

CREATE INDEX reactions_user_saved_reactions_user_id_6a6e0433 ON public.reactions_user_saved_reactions USING btree (user_id);


--
-- Name: auth_group_permissions auth_group_permissio_permission_id_84c5c92e_fk_auth_perm; Type: FK CONSTRAINT; Schema: public; Owner: saleh
--

ALTER TABLE ONLY public.auth_group_permissions
    ADD CONSTRAINT auth_group_permissio_permission_id_84c5c92e_fk_auth_perm FOREIGN KEY (permission_id) REFERENCES public.auth_permission(id) DEFERRABLE INITIALLY DEFERRED;


--
-- Name: auth_group_permissions auth_group_permissions_group_id_b120cbf9_fk_auth_group_id; Type: FK CONSTRAINT; Schema: public; Owner: saleh
--

ALTER TABLE ONLY public.auth_group_permissions
    ADD CONSTRAINT auth_group_permissions_group_id_b120cbf9_fk_auth_group_id FOREIGN KEY (group_id) REFERENCES public.auth_group(id) DEFERRABLE INITIALLY DEFERRED;


--
-- Name: auth_permission auth_permission_content_type_id_2f476e4b_fk_django_co; Type: FK CONSTRAINT; Schema: public; Owner: saleh
--

ALTER TABLE ONLY public.auth_permission
    ADD CONSTRAINT auth_permission_content_type_id_2f476e4b_fk_django_co FOREIGN KEY (content_type_id) REFERENCES public.django_content_type(id) DEFERRABLE INITIALLY DEFERRED;


--
-- Name: auth_user_groups auth_user_groups_group_id_97559544_fk_auth_group_id; Type: FK CONSTRAINT; Schema: public; Owner: saleh
--

ALTER TABLE ONLY public.auth_user_groups
    ADD CONSTRAINT auth_user_groups_group_id_97559544_fk_auth_group_id FOREIGN KEY (group_id) REFERENCES public.auth_group(id) DEFERRABLE INITIALLY DEFERRED;


--
-- Name: auth_user_groups auth_user_groups_user_id_6a12ed8b_fk_auth_user_id; Type: FK CONSTRAINT; Schema: public; Owner: saleh
--

ALTER TABLE ONLY public.auth_user_groups
    ADD CONSTRAINT auth_user_groups_user_id_6a12ed8b_fk_auth_user_id FOREIGN KEY (user_id) REFERENCES public.auth_user(id) DEFERRABLE INITIALLY DEFERRED;


--
-- Name: auth_user_user_permissions auth_user_user_permi_permission_id_1fbb5f2c_fk_auth_perm; Type: FK CONSTRAINT; Schema: public; Owner: saleh
--

ALTER TABLE ONLY public.auth_user_user_permissions
    ADD CONSTRAINT auth_user_user_permi_permission_id_1fbb5f2c_fk_auth_perm FOREIGN KEY (permission_id) REFERENCES public.auth_permission(id) DEFERRABLE INITIALLY DEFERRED;


--
-- Name: auth_user_user_permissions auth_user_user_permissions_user_id_a95ead1b_fk_auth_user_id; Type: FK CONSTRAINT; Schema: public; Owner: saleh
--

ALTER TABLE ONLY public.auth_user_user_permissions
    ADD CONSTRAINT auth_user_user_permissions_user_id_a95ead1b_fk_auth_user_id FOREIGN KEY (user_id) REFERENCES public.auth_user(id) DEFERRABLE INITIALLY DEFERRED;


--
-- Name: django_admin_log django_admin_log_content_type_id_c4bce8eb_fk_django_co; Type: FK CONSTRAINT; Schema: public; Owner: saleh
--

ALTER TABLE ONLY public.django_admin_log
    ADD CONSTRAINT django_admin_log_content_type_id_c4bce8eb_fk_django_co FOREIGN KEY (content_type_id) REFERENCES public.django_content_type(id) DEFERRABLE INITIALLY DEFERRED;


--
-- Name: django_admin_log django_admin_log_user_id_c564eba6_fk_auth_user_id; Type: FK CONSTRAINT; Schema: public; Owner: saleh
--

ALTER TABLE ONLY public.django_admin_log
    ADD CONSTRAINT django_admin_log_user_id_c564eba6_fk_auth_user_id FOREIGN KEY (user_id) REFERENCES public.auth_user(id) DEFERRABLE INITIALLY DEFERRED;


--
-- Name: reactions_metabolitesaddedvmh reactions_metabolite_user_id_241f5cdd_fk_reactions; Type: FK CONSTRAINT; Schema: public; Owner: saleh
--

ALTER TABLE ONLY public.reactions_metabolitesaddedvmh
    ADD CONSTRAINT reactions_metabolite_user_id_241f5cdd_fk_reactions FOREIGN KEY (user_id) REFERENCES public.reactions_user(id) DEFERRABLE INITIALLY DEFERRED;


--
-- Name: reactions_reactionsaddedvmh reactions_reactionsa_user_id_d7960e61_fk_reactions; Type: FK CONSTRAINT; Schema: public; Owner: saleh
--

ALTER TABLE ONLY public.reactions_reactionsaddedvmh
    ADD CONSTRAINT reactions_reactionsa_user_id_d7960e61_fk_reactions FOREIGN KEY (user_id) REFERENCES public.reactions_user(id) DEFERRABLE INITIALLY DEFERRED;


--
-- Name: reactions_user_saved_reactions reactions_user_saved_user_id_6a6e0433_fk_reactions; Type: FK CONSTRAINT; Schema: public; Owner: saleh
--

ALTER TABLE ONLY public.reactions_user_saved_reactions
    ADD CONSTRAINT reactions_user_saved_user_id_6a6e0433_fk_reactions FOREIGN KEY (user_id) REFERENCES public.reactions_user(id) DEFERRABLE INITIALLY DEFERRED;


--
-- PostgreSQL database dump complete
--

